{"cameraMode":{"drawMode":0,"name":"Shaded","section":"Shading Mode"},"sceneLighting":true,"audioPlay":false,"sceneViewState":{"m_AlwaysRefresh":false,"showFog":true,"showSkybox":true,"showFlares":true,"showImageEffects":true,"showParticleSystems":true,"showVisualEffectGraphs":true,"m_FxEnabled":true},"in2DMode":false,"pivot":{"x":-933.8880615234375,"y":115.44448852539063,"z":459.40740966796877},"rotation":{"x":0.7270825505256653,"y":-0.041491564363241199,"z":0.04411541298031807,"w":0.6838898658752441},"size":3400.492919921875,"orthographic":true}