{"cameraMode":{"drawMode":0,"name":"Shaded","section":"Shading Mode"},"sceneLighting":true,"audioPlay":false,"sceneViewState":{"m_AlwaysRefresh":false,"showFog":true,"showSkybox":true,"showFlares":true,"showImageEffects":true,"showParticleSystems":true,"showVisualEffectGraphs":true,"m_FxEnabled":true},"in2DMode":false,"pivot":{"x":12.392139434814454,"y":-8.477924346923829,"z":12.795105934143067},"rotation":{"x":0.27213093638420107,"y":-0.06777429580688477,"z":0.019217150285840036,"w":0.959683895111084},"size":33.74400329589844,"orthographic":false}