{"cameraMode":{"drawMode":0,"name":"Shaded","section":"Shading Mode"},"sceneLighting":true,"audioPlay":false,"sceneViewState":{"m_AlwaysRefresh":false,"showFog":true,"showSkybox":true,"showFlares":true,"showImageEffects":true,"showParticleSystems":true,"showVisualEffectGraphs":true,"m_FxEnabled":true},"in2DMode":false,"pivot":{"x":404.4854431152344,"y":169.78924560546876,"z":214.38304138183595},"rotation":{"x":0.4881550967693329,"y":0.011445047333836556,"z":-0.0002375507028773427,"w":0.8744625449180603},"size":545.5827026367188,"orthographic":true}