{"cameraMode":{"drawMode":0,"name":"Shaded","section":"Shading Mode"},"sceneLighting":true,"audioPlay":false,"sceneViewState":{"m_AlwaysRefresh":false,"showFog":true,"showSkybox":true,"showFlares":true,"showImageEffects":true,"showParticleSystems":true,"showVisualEffectGraphs":true,"m_FxEnabled":true},"in2DMode":false,"pivot":{"x":342.8130187988281,"y":453.6078796386719,"z":149.18804931640626},"rotation":{"x":0.024169016629457475,"y":0.10359654575586319,"z":-0.002554879290983081,"w":0.9945335388183594},"size":186.74908447265626,"orthographic":true}