{"cameraMode":{"drawMode":0,"name":"Shaded","section":"Shading Mode"},"sceneLighting":true,"audioPlay":false,"sceneViewState":{"m_AlwaysRefresh":false,"showFog":true,"showSkybox":true,"showFlares":true,"showImageEffects":true,"showParticleSystems":true,"showVisualEffectGraphs":true,"m_FxEnabled":true},"in2DMode":false,"pivot":{"x":-19.586116790771486,"y":15.738333702087403,"z":20.397167205810548},"rotation":{"x":0.06204166263341904,"y":0.7179886102676392,"z":-0.06060859188437462,"w":0.6924548149108887},"size":62.838409423828128,"orthographic":true}