{"cameraMode":{"drawMode":0,"name":"Shaded","section":"Shading Mode"},"sceneLighting":true,"audioPlay":false,"sceneViewState":{"m_AlwaysRefresh":false,"showFog":true,"showSkybox":true,"showFlares":true,"showImageEffects":true,"showParticleSystems":true,"showVisualEffectGraphs":true,"m_FxEnabled":true},"in2DMode":false,"pivot":{"x":343.7151794433594,"y":491.91790771484377,"z":151.92701721191407},"rotation":{"x":0.14083868265151978,"y":0.4753684401512146,"z":-0.07739684730768204,"w":0.8650057315826416},"size":190.64718627929688,"orthographic":true}