{"cameraMode":{"drawMode":0,"name":"Shaded","section":"Shading Mode"},"sceneLighting":true,"audioPlay":false,"sceneViewState":{"m_AlwaysRefresh":false,"showFog":true,"showSkybox":true,"showFlares":true,"showImageEffects":true,"showParticleSystems":true,"showVisualEffectGraphs":true,"m_FxEnabled":true},"in2DMode":false,"pivot":{"x":-1372.0164794921875,"y":-409.33734130859377,"z":1319.699951171875},"rotation":{"x":-0.7186338901519775,"y":0.007712542545050383,"z":-0.00797125045210123,"w":-0.6953020095825195},"size":1006.2670288085938,"orthographic":true}